id,type,node_color
NCBITaxon:100884,microbe,blue
NCBITaxon:103892,microbe,blue
NCBITaxon:1042156,microbe,blue
NCBITaxon:105841,microbe,blue
NCBITaxon:1063,microbe,blue
NCBITaxon:106590,microbe,blue
NCBITaxon:1078090,microbe,blue
NCBITaxon:1078091,microbe,blue
NCBITaxon:109790,microbe,blue
NCBITaxon:1130798,microbe,blue
NCBITaxon:1160721,microbe,blue
NCBITaxon:116085,microbe,blue
NCBITaxon:1203555,microbe,blue
NCBITaxon:1203593,microbe,blue
NCBITaxon:1226325,microbe,blue
NCBITaxon:1245,microbe,blue
NCBITaxon:1246,microbe,blue
NCBITaxon:1249,microbe,blue
NCBITaxon:1254,microbe,blue
NCBITaxon:1255,microbe,blue
NCBITaxon:1265,microbe,blue
NCBITaxon:1280,microbe,blue
NCBITaxon:1296,microbe,blue
NCBITaxon:1308,microbe,blue
NCBITaxon:1309,microbe,blue
NCBITaxon:1322,microbe,blue
NCBITaxon:13335,microbe,blue
NCBITaxon:1338,microbe,blue
NCBITaxon:1351,microbe,blue
NCBITaxon:1352,microbe,blue
NCBITaxon:1355477,microbe,blue
NCBITaxon:1358,microbe,blue
NCBITaxon:1382,microbe,blue
NCBITaxon:1396,microbe,blue
NCBITaxon:1398,microbe,blue
NCBITaxon:1399,microbe,blue
NCBITaxon:1406,microbe,blue
NCBITaxon:1422,microbe,blue
NCBITaxon:1423,microbe,blue
NCBITaxon:142586,microbe,blue
NCBITaxon:1426,microbe,blue
NCBITaxon:1428,microbe,blue
NCBITaxon:1488,microbe,blue
NCBITaxon:1490,microbe,blue
NCBITaxon:1491,microbe,blue
NCBITaxon:1492,microbe,blue
NCBITaxon:1493,microbe,blue
NCBITaxon:1496,microbe,blue
NCBITaxon:1501,microbe,blue
NCBITaxon:1505,microbe,blue
NCBITaxon:1506,microbe,blue
NCBITaxon:1509,microbe,blue
NCBITaxon:1511,microbe,blue
NCBITaxon:1515,microbe,blue
NCBITaxon:1517,microbe,blue
NCBITaxon:1519,microbe,blue
NCBITaxon:1520,microbe,blue
NCBITaxon:1521,microbe,blue
NCBITaxon:1526,microbe,blue
NCBITaxon:1537,microbe,blue
NCBITaxon:1540,microbe,blue
NCBITaxon:1547,microbe,blue
NCBITaxon:1548,microbe,blue
NCBITaxon:1550,microbe,blue
NCBITaxon:157673,microbe,blue
NCBITaxon:1580,microbe,blue
NCBITaxon:1583,microbe,blue
NCBITaxon:1584,microbe,blue
NCBITaxon:1587,microbe,blue
NCBITaxon:1588,microbe,blue
NCBITaxon:1590,microbe,blue
NCBITaxon:1596,microbe,blue
NCBITaxon:1597,microbe,blue
NCBITaxon:1598,microbe,blue
NCBITaxon:1613,microbe,blue
NCBITaxon:1623,microbe,blue
NCBITaxon:1624,microbe,blue
NCBITaxon:165179,microbe,blue
NCBITaxon:1665,microbe,blue
NCBITaxon:1681,microbe,blue
NCBITaxon:168384,microbe,blue
NCBITaxon:1686,microbe,blue
NCBITaxon:1689,microbe,blue
NCBITaxon:1718,microbe,blue
NCBITaxon:1732,microbe,blue
NCBITaxon:1736,microbe,blue
NCBITaxon:1744,microbe,blue
NCBITaxon:1747,microbe,blue
NCBITaxon:1748,microbe,blue
NCBITaxon:1772,microbe,blue
NCBITaxon:1773,microbe,blue
NCBITaxon:178606,microbe,blue
NCBITaxon:1829,microbe,blue
NCBITaxon:1833,microbe,blue
NCBITaxon:187327,microbe,blue
NCBITaxon:187400,microbe,blue
NCBITaxon:1902,microbe,blue
NCBITaxon:192,microbe,blue
NCBITaxon:2021,microbe,blue
NCBITaxon:204038,microbe,blue
NCBITaxon:210,microbe,blue
NCBITaxon:216816,microbe,blue
NCBITaxon:217159,microbe,blue
NCBITaxon:2203,microbe,blue
NCBITaxon:2223,microbe,blue
NCBITaxon:2317,microbe,blue
NCBITaxon:239935,microbe,blue
NCBITaxon:244366,microbe,blue
NCBITaxon:255723,microbe,blue
NCBITaxon:2748,microbe,blue
NCBITaxon:28025,microbe,blue
NCBITaxon:28116,microbe,blue
NCBITaxon:28141,microbe,blue
NCBITaxon:28446,microbe,blue
NCBITaxon:28450,microbe,blue
NCBITaxon:28454,microbe,blue
NCBITaxon:287,microbe,blue
NCBITaxon:28901,microbe,blue
NCBITaxon:292800,microbe,blue
NCBITaxon:29347,microbe,blue
NCBITaxon:29385,microbe,blue
NCBITaxon:294,microbe,blue
NCBITaxon:29438,microbe,blue
NCBITaxon:29466,microbe,blue
NCBITaxon:29523,microbe,blue
NCBITaxon:296,microbe,blue
NCBITaxon:303,microbe,blue
NCBITaxon:306,microbe,blue
NCBITaxon:312306,microbe,blue
NCBITaxon:317,microbe,blue
NCBITaxon:32046,microbe,blue
NCBITaxon:32049,microbe,blue
NCBITaxon:329,microbe,blue
NCBITaxon:33010,microbe,blue
NCBITaxon:33035,microbe,blue
NCBITaxon:33038,microbe,blue
NCBITaxon:33043,microbe,blue
NCBITaxon:33059,microbe,blue
NCBITaxon:33996,microbe,blue
NCBITaxon:34015,microbe,blue
NCBITaxon:341225,microbe,blue
NCBITaxon:358,microbe,blue
NCBITaxon:35841,microbe,blue
NCBITaxon:360807,microbe,blue
NCBITaxon:364410,microbe,blue
NCBITaxon:36745,microbe,blue
NCBITaxon:36832,microbe,blue
NCBITaxon:36839,microbe,blue
NCBITaxon:36841,microbe,blue
NCBITaxon:36847,microbe,blue
NCBITaxon:37734,microbe,blue
NCBITaxon:38289,microbe,blue
NCBITaxon:38308,microbe,blue
NCBITaxon:384,microbe,blue
NCBITaxon:392009,microbe,blue
NCBITaxon:392409,microbe,blue
NCBITaxon:392412,microbe,blue
NCBITaxon:393060,microbe,blue
NCBITaxon:39488,microbe,blue
NCBITaxon:39490,microbe,blue
NCBITaxon:39491,microbe,blue
NCBITaxon:40518,microbe,blue
NCBITaxon:40520,microbe,blue
NCBITaxon:405212,microbe,blue
NCBITaxon:410072,microbe,blue
NCBITaxon:411484,microbe,blue
NCBITaxon:411486,microbe,blue
NCBITaxon:411489,microbe,blue
NCBITaxon:435,microbe,blue
NCBITaxon:442,microbe,blue
NCBITaxon:446660,microbe,blue
NCBITaxon:450749,microbe,blue
NCBITaxon:457387,microbe,blue
NCBITaxon:457390,microbe,blue
NCBITaxon:457391,microbe,blue
NCBITaxon:457392,microbe,blue
NCBITaxon:457394,microbe,blue
NCBITaxon:457395,microbe,blue
NCBITaxon:457396,microbe,blue
NCBITaxon:457412,microbe,blue
NCBITaxon:457416,microbe,blue
NCBITaxon:457421,microbe,blue
NCBITaxon:46506,microbe,blue
NCBITaxon:469585,microbe,blue
NCBITaxon:469588,microbe,blue
NCBITaxon:469589,microbe,blue
NCBITaxon:469590,microbe,blue
NCBITaxon:469591,microbe,blue
NCBITaxon:469592,microbe,blue
NCBITaxon:469593,microbe,blue
NCBITaxon:469610,microbe,blue
NCBITaxon:469613,microbe,blue
NCBITaxon:470,microbe,blue
NCBITaxon:471189,microbe,blue
NCBITaxon:47678,microbe,blue
NCBITaxon:487,microbe,blue
NCBITaxon:4932,microbe,blue
NCBITaxon:4950,microbe,blue
NCBITaxon:498718,microbe,blue
NCBITaxon:501571,microbe,blue
NCBITaxon:502558,microbe,blue
NCBITaxon:51669,microbe,blue
NCBITaxon:52226,microbe,blue
NCBITaxon:542,microbe,blue
NCBITaxon:544644,microbe,blue
NCBITaxon:544645,microbe,blue
NCBITaxon:546,microbe,blue
NCBITaxon:548,microbe,blue
NCBITaxon:549,microbe,blue
NCBITaxon:550,microbe,blue
NCBITaxon:552396,microbe,blue
NCBITaxon:552398,microbe,blue
NCBITaxon:556259,microbe,blue
NCBITaxon:556261,microbe,blue
NCBITaxon:562,microbe,blue
NCBITaxon:563193,microbe,blue
NCBITaxon:57037,microbe,blue
NCBITaxon:571,microbe,blue
NCBITaxon:572010,microbe,blue
NCBITaxon:573,microbe,blue
NCBITaxon:57706,microbe,blue
NCBITaxon:584,microbe,blue
NCBITaxon:585,microbe,blue
NCBITaxon:585544,microbe,blue
NCBITaxon:615,microbe,blue
NCBITaxon:626935,microbe,blue
NCBITaxon:626937,microbe,blue
NCBITaxon:626940,microbe,blue
NCBITaxon:628,microbe,blue
NCBITaxon:644,microbe,blue
NCBITaxon:658082,microbe,blue
NCBITaxon:658087,microbe,blue
NCBITaxon:658089,microbe,blue
NCBITaxon:658655,microbe,blue
NCBITaxon:658659,microbe,blue
NCBITaxon:659,microbe,blue
NCBITaxon:661,microbe,blue
NCBITaxon:665943,microbe,blue
NCBITaxon:665951,microbe,blue
NCBITaxon:67854,microbe,blue
NCBITaxon:68895,microbe,blue
NCBITaxon:69823,microbe,blue
NCBITaxon:69962,microbe,blue
NCBITaxon:72000,microbe,blue
NCBITaxon:729,microbe,blue
NCBITaxon:74426,microbe,blue
NCBITaxon:80866,microbe,blue
NCBITaxon:817,microbe,blue
NCBITaxon:818,microbe,blue
NCBITaxon:820,microbe,blue
NCBITaxon:821,microbe,blue
NCBITaxon:823,microbe,blue
NCBITaxon:831,microbe,blue
NCBITaxon:83565,microbe,blue
NCBITaxon:83771,microbe,blue
NCBITaxon:839,microbe,blue
NCBITaxon:84024,microbe,blue
NCBITaxon:84112,microbe,blue
NCBITaxon:844,microbe,blue
NCBITaxon:853,microbe,blue
NCBITaxon:85698,microbe,blue
NCBITaxon:871665,microbe,blue
NCBITaxon:881,microbe,blue
NCBITaxon:882211,microbe,blue
NCBITaxon:89152,microbe,blue
NCBITaxon:901,microbe,blue
NCBITaxon:907,microbe,blue
NCBITaxon:920,microbe,blue
NCBITaxon:92945,microbe,blue
NCBITaxon:971,microbe,blue
NCBITaxon:97478,microbe,blue
NCBITaxon:99675,microbe,blue
MESH:D012907,disease,red
MONDO:0001711,disease,red
MONDO:0002009,disease,red
MONDO:0002635,disease,red
MONDO:0002974,disease,red
MONDO:0005010,disease,red
MONDO:0005027,disease,red
MONDO:0005052,disease,red
MONDO:0005081,disease,red
MONDO:0005090,disease,red
MONDO:0005101,disease,red
MONDO:0005147,disease,red
MONDO:0005148,disease,red
MONDO:0005154,disease,red
MONDO:0005260,disease,red
MONDO:0005264,disease,red
MONDO:0005298,disease,red
MONDO:0005300,disease,red
MONDO:0005546,disease,red
MONDO:0005575,disease,red
MONDO:0005649,disease,red
MONDO:0006665,disease,red
MONDO:0007739,disease,red
MONDO:0007803,disease,red
MONDO:0008226,disease,red
MONDO:0008315,disease,red
MONDO:0008383,disease,red
MONDO:0008487,disease,red
MONDO:0008903,disease,red
MONDO:0009061,disease,red
MONDO:0009861,disease,red
MONDO:0010726,disease,red
MONDO:0011382,disease,red
MONDO:0011565,disease,red
MONDO:0011962,disease,red
MONDO:0015183,disease,red
MONDO:0018076,disease,red
MONDO:0024388,disease,red
MONDO:0858950,disease,red
CHEBI:29073,metabolite,green
CHEBI:62064,metabolite,green
PUBCHEM.COMPOUND:1000,metabolite,green
PUBCHEM.COMPOUND:1001,metabolite,green
PUBCHEM.COMPOUND:1005,metabolite,green
PUBCHEM.COMPOUND:10111,metabolite,green
PUBCHEM.COMPOUND:10133,metabolite,green
PUBCHEM.COMPOUND:1014,metabolite,green
PUBCHEM.COMPOUND:10140,metabolite,green
PUBCHEM.COMPOUND:1015,metabolite,green
PUBCHEM.COMPOUND:101543,metabolite,green
PUBCHEM.COMPOUND:1018,metabolite,green
PUBCHEM.COMPOUND:1021,metabolite,green
PUBCHEM.COMPOUND:10258,metabolite,green
PUBCHEM.COMPOUND:102959,metabolite,green
PUBCHEM.COMPOUND:10296,metabolite,green
PUBCHEM.COMPOUND:1031,metabolite,green
PUBCHEM.COMPOUND:1032,metabolite,green
PUBCHEM.COMPOUND:10357,metabolite,green
PUBCHEM.COMPOUND:10393,metabolite,green
PUBCHEM.COMPOUND:10394,metabolite,green
PUBCHEM.COMPOUND:10413,metabolite,green
PUBCHEM.COMPOUND:10430,metabolite,green
PUBCHEM.COMPOUND:1045,metabolite,green
PUBCHEM.COMPOUND:10457,metabolite,green
PUBCHEM.COMPOUND:10465,metabolite,green
PUBCHEM.COMPOUND:10467,metabolite,green
PUBCHEM.COMPOUND:1050,metabolite,green
PUBCHEM.COMPOUND:1051,metabolite,green
PUBCHEM.COMPOUND:1052,metabolite,green
PUBCHEM.COMPOUND:1054,metabolite,green
PUBCHEM.COMPOUND:1055,metabolite,green
PUBCHEM.COMPOUND:1059,metabolite,green
PUBCHEM.COMPOUND:1060,metabolite,green
PUBCHEM.COMPOUND:1066,metabolite,green
PUBCHEM.COMPOUND:1068,metabolite,green
PUBCHEM.COMPOUND:10690,metabolite,green
PUBCHEM.COMPOUND:107,metabolite,green
PUBCHEM.COMPOUND:10742,metabolite,green
PUBCHEM.COMPOUND:107689,metabolite,green
PUBCHEM.COMPOUND:1081,metabolite,green
PUBCHEM.COMPOUND:1088,metabolite,green
PUBCHEM.COMPOUND:10917,metabolite,green
PUBCHEM.COMPOUND:10972,metabolite,green
PUBCHEM.COMPOUND:11005,metabolite,green
PUBCHEM.COMPOUND:1102,metabolite,green
PUBCHEM.COMPOUND:1103,metabolite,green
PUBCHEM.COMPOUND:11096158,metabolite,green
PUBCHEM.COMPOUND:111299,metabolite,green
PUBCHEM.COMPOUND:11163,metabolite,green
PUBCHEM.COMPOUND:1117,metabolite,green
PUBCHEM.COMPOUND:1123,metabolite,green
PUBCHEM.COMPOUND:1131,metabolite,green
PUBCHEM.COMPOUND:11333,metabolite,green
PUBCHEM.COMPOUND:1135,metabolite,green
PUBCHEM.COMPOUND:1136,metabolite,green
PUBCHEM.COMPOUND:1145,metabolite,green
PUBCHEM.COMPOUND:1146,metabolite,green
PUBCHEM.COMPOUND:1150,metabolite,green
PUBCHEM.COMPOUND:115089,metabolite,green
PUBCHEM.COMPOUND:11671,metabolite,green
PUBCHEM.COMPOUND:1169,metabolite,green
PUBCHEM.COMPOUND:1174,metabolite,green
PUBCHEM.COMPOUND:1175,metabolite,green
PUBCHEM.COMPOUND:1176,metabolite,green
PUBCHEM.COMPOUND:11850,metabolite,green
PUBCHEM.COMPOUND:1188,metabolite,green
PUBCHEM.COMPOUND:119,metabolite,green
PUBCHEM.COMPOUND:11970,metabolite,green
PUBCHEM.COMPOUND:1198,metabolite,green
PUBCHEM.COMPOUND:12122,metabolite,green
PUBCHEM.COMPOUND:122356,metabolite,green
PUBCHEM.COMPOUND:12358756,metabolite,green
PUBCHEM.COMPOUND:123689,metabolite,green
PUBCHEM.COMPOUND:123743,metabolite,green
PUBCHEM.COMPOUND:123831,metabolite,green
PUBCHEM.COMPOUND:123938,metabolite,green
PUBCHEM.COMPOUND:124886,metabolite,green
PUBCHEM.COMPOUND:125,metabolite,green
PUBCHEM.COMPOUND:12587,metabolite,green
PUBCHEM.COMPOUND:12591,metabolite,green
PUBCHEM.COMPOUND:12594,metabolite,green
PUBCHEM.COMPOUND:126,metabolite,green
PUBCHEM.COMPOUND:12647,metabolite,green
PUBCHEM.COMPOUND:127,metabolite,green
PUBCHEM.COMPOUND:128841,metabolite,green
PUBCHEM.COMPOUND:128869,metabolite,green
PUBCHEM.COMPOUND:135,metabolite,green
PUBCHEM.COMPOUND:135191,metabolite,green
PUBCHEM.COMPOUND:137,metabolite,green
PUBCHEM.COMPOUND:13711,metabolite,green
PUBCHEM.COMPOUND:13712,metabolite,green
PUBCHEM.COMPOUND:13730,metabolite,green
PUBCHEM.COMPOUND:138,metabolite,green
PUBCHEM.COMPOUND:13849,metabolite,green
PUBCHEM.COMPOUND:13945,metabolite,green
PUBCHEM.COMPOUND:145068,metabolite,green
PUBCHEM.COMPOUND:145742,metabolite,green
PUBCHEM.COMPOUND:14925,metabolite,green
PUBCHEM.COMPOUND:150929,metabolite,green
PUBCHEM.COMPOUND:151138,metabolite,green
PUBCHEM.COMPOUND:1549098,metabolite,green
PUBCHEM.COMPOUND:157,metabolite,green
PUBCHEM.COMPOUND:158980,metabolite,green
PUBCHEM.COMPOUND:160556,metabolite,green
PUBCHEM.COMPOUND:160603,metabolite,green
PUBCHEM.COMPOUND:160645,metabolite,green
PUBCHEM.COMPOUND:160666,metabolite,green
PUBCHEM.COMPOUND:161166,metabolite,green
PUBCHEM.COMPOUND:161234,metabolite,green
PUBCHEM.COMPOUND:165271,metabolite,green
PUBCHEM.COMPOUND:1662,metabolite,green
PUBCHEM.COMPOUND:1669,metabolite,green
PUBCHEM.COMPOUND:169019,metabolite,green
PUBCHEM.COMPOUND:16950,metabolite,green
PUBCHEM.COMPOUND:171548,metabolite,green
PUBCHEM.COMPOUND:1738,metabolite,green
PUBCHEM.COMPOUND:1738118,metabolite,green
PUBCHEM.COMPOUND:17513,metabolite,green
PUBCHEM.COMPOUND:176,metabolite,green
PUBCHEM.COMPOUND:177,metabolite,green
PUBCHEM.COMPOUND:178,metabolite,green
PUBCHEM.COMPOUND:179,metabolite,green
PUBCHEM.COMPOUND:180,metabolite,green
PUBCHEM.COMPOUND:18189,metabolite,green
PUBCHEM.COMPOUND:181976,metabolite,green
PUBCHEM.COMPOUND:182230,metabolite,green
PUBCHEM.COMPOUND:1826,metabolite,green
PUBCHEM.COMPOUND:187,metabolite,green
PUBCHEM.COMPOUND:190,metabolite,green
PUBCHEM.COMPOUND:193530,metabolite,green
PUBCHEM.COMPOUND:193872,metabolite,green
PUBCHEM.COMPOUND:196,metabolite,green
PUBCHEM.COMPOUND:1983,metabolite,green
PUBCHEM.COMPOUND:199,metabolite,green
PUBCHEM.COMPOUND:204,metabolite,green
PUBCHEM.COMPOUND:21236,metabolite,green
PUBCHEM.COMPOUND:21706,metabolite,green
PUBCHEM.COMPOUND:221122,metabolite,green
PUBCHEM.COMPOUND:221493,metabolite,green
PUBCHEM.COMPOUND:222,metabolite,green
PUBCHEM.COMPOUND:222285,metabolite,green
PUBCHEM.COMPOUND:222528,metabolite,green
PUBCHEM.COMPOUND:222656,metabolite,green
PUBCHEM.COMPOUND:227,metabolite,green
PUBCHEM.COMPOUND:23327,metabolite,green
PUBCHEM.COMPOUND:239,metabolite,green
PUBCHEM.COMPOUND:240,metabolite,green
PUBCHEM.COMPOUND:243,metabolite,green
PUBCHEM.COMPOUND:244,metabolite,green
PUBCHEM.COMPOUND:246983,metabolite,green
PUBCHEM.COMPOUND:25310,metabolite,green
PUBCHEM.COMPOUND:261,metabolite,green
PUBCHEM.COMPOUND:263,metabolite,green
PUBCHEM.COMPOUND:264,metabolite,green
PUBCHEM.COMPOUND:26623,metabolite,green
PUBCHEM.COMPOUND:27099,metabolite,green
PUBCHEM.COMPOUND:2724705,metabolite,green
PUBCHEM.COMPOUND:27284,metabolite,green
PUBCHEM.COMPOUND:273,metabolite,green
PUBCHEM.COMPOUND:2733768,metabolite,green
PUBCHEM.COMPOUND:27476,metabolite,green
PUBCHEM.COMPOUND:27854,metabolite,green
PUBCHEM.COMPOUND:280,metabolite,green
PUBCHEM.COMPOUND:284,metabolite,green
PUBCHEM.COMPOUND:2879,metabolite,green
PUBCHEM.COMPOUND:289,metabolite,green
PUBCHEM.COMPOUND:2969,metabolite,green
PUBCHEM.COMPOUND:297,metabolite,green
PUBCHEM.COMPOUND:29936,metabolite,green
PUBCHEM.COMPOUND:3032849,metabolite,green
PUBCHEM.COMPOUND:3037582,metabolite,green
PUBCHEM.COMPOUND:305,metabolite,green
PUBCHEM.COMPOUND:311,metabolite,green
PUBCHEM.COMPOUND:312,metabolite,green
PUBCHEM.COMPOUND:31260,metabolite,green
PUBCHEM.COMPOUND:31401,metabolite,green
PUBCHEM.COMPOUND:32051,metabolite,green
PUBCHEM.COMPOUND:328,metabolite,green
PUBCHEM.COMPOUND:33032,metabolite,green
PUBCHEM.COMPOUND:33037,metabolite,green
PUBCHEM.COMPOUND:335,metabolite,green
PUBCHEM.COMPOUND:338,metabolite,green
PUBCHEM.COMPOUND:339,metabolite,green
PUBCHEM.COMPOUND:348154,metabolite,green
PUBCHEM.COMPOUND:370,metabolite,green
PUBCHEM.COMPOUND:3744,metabolite,green
PUBCHEM.COMPOUND:3776,metabolite,green
PUBCHEM.COMPOUND:379,metabolite,green
PUBCHEM.COMPOUND:3845,metabolite,green
PUBCHEM.COMPOUND:3848,metabolite,green
PUBCHEM.COMPOUND:385,metabolite,green
PUBCHEM.COMPOUND:387316,metabolite,green
PUBCHEM.COMPOUND:3893,metabolite,green
PUBCHEM.COMPOUND:402,metabolite,green
PUBCHEM.COMPOUND:428,metabolite,green
PUBCHEM.COMPOUND:43,metabolite,green
PUBCHEM.COMPOUND:439153,metabolite,green
PUBCHEM.COMPOUND:439155,metabolite,green
PUBCHEM.COMPOUND:439174,metabolite,green
PUBCHEM.COMPOUND:439176,metabolite,green
PUBCHEM.COMPOUND:439184,metabolite,green
PUBCHEM.COMPOUND:439194,metabolite,green
PUBCHEM.COMPOUND:439213,metabolite,green
PUBCHEM.COMPOUND:439224,metabolite,green
PUBCHEM.COMPOUND:439230,metabolite,green
PUBCHEM.COMPOUND:439232,metabolite,green
PUBCHEM.COMPOUND:439233,metabolite,green
PUBCHEM.COMPOUND:439242,metabolite,green
PUBCHEM.COMPOUND:439246,metabolite,green
PUBCHEM.COMPOUND:439255,metabolite,green
PUBCHEM.COMPOUND:439258,metabolite,green
PUBCHEM.COMPOUND:439260,metabolite,green
PUBCHEM.COMPOUND:439278,metabolite,green
PUBCHEM.COMPOUND:439280,metabolite,green
PUBCHEM.COMPOUND:439283,metabolite,green
PUBCHEM.COMPOUND:439377,metabolite,green
PUBCHEM.COMPOUND:439498,metabolite,green
PUBCHEM.COMPOUND:439709,metabolite,green
PUBCHEM.COMPOUND:439750,metabolite,green
PUBCHEM.COMPOUND:439764,metabolite,green
PUBCHEM.COMPOUND:439924,metabolite,green
PUBCHEM.COMPOUND:440776,metabolite,green
PUBCHEM.COMPOUND:440873,metabolite,green
PUBCHEM.COMPOUND:441484,metabolite,green
PUBCHEM.COMPOUND:444173,metabolite,green
PUBCHEM.COMPOUND:444266,metabolite,green
PUBCHEM.COMPOUND:444305,metabolite,green
PUBCHEM.COMPOUND:444718,metabolite,green
PUBCHEM.COMPOUND:444972,metabolite,green
PUBCHEM.COMPOUND:445354,metabolite,green
PUBCHEM.COMPOUND:445408,metabolite,green
PUBCHEM.COMPOUND:445638,metabolite,green
PUBCHEM.COMPOUND:445639,metabolite,green
PUBCHEM.COMPOUND:445858,metabolite,green
PUBCHEM.COMPOUND:450268,metabolite,green
PUBCHEM.COMPOUND:457,metabolite,green
PUBCHEM.COMPOUND:4615423,metabolite,green
PUBCHEM.COMPOUND:464,metabolite,green
PUBCHEM.COMPOUND:487,metabolite,green
PUBCHEM.COMPOUND:49,metabolite,green
PUBCHEM.COMPOUND:493570,metabolite,green
PUBCHEM.COMPOUND:496,metabolite,green
PUBCHEM.COMPOUND:500,metabolite,green
PUBCHEM.COMPOUND:51,metabolite,green
PUBCHEM.COMPOUND:515,metabolite,green
PUBCHEM.COMPOUND:5202,metabolite,green
PUBCHEM.COMPOUND:527,metabolite,green
PUBCHEM.COMPOUND:5280343,metabolite,green
PUBCHEM.COMPOUND:5280445,metabolite,green
PUBCHEM.COMPOUND:5280450,metabolite,green
PUBCHEM.COMPOUND:5280489,metabolite,green
PUBCHEM.COMPOUND:5280518,metabolite,green
PUBCHEM.COMPOUND:5280863,metabolite,green
PUBCHEM.COMPOUND:5280899,metabolite,green
PUBCHEM.COMPOUND:5280934,metabolite,green
PUBCHEM.COMPOUND:5280961,metabolite,green
PUBCHEM.COMPOUND:5281,metabolite,green
PUBCHEM.COMPOUND:5281708,metabolite,green
PUBCHEM.COMPOUND:5317750,metabolite,green
PUBCHEM.COMPOUND:5356793,metabolite,green
PUBCHEM.COMPOUND:5460362,metabolite,green
PUBCHEM.COMPOUND:5460935,metabolite,green
PUBCHEM.COMPOUND:5462244,metabolite,green
PUBCHEM.COMPOUND:546304,metabolite,green
PUBCHEM.COMPOUND:547,metabolite,green
PUBCHEM.COMPOUND:5484352,metabolite,green
PUBCHEM.COMPOUND:5570,metabolite,green
PUBCHEM.COMPOUND:5610,metabolite,green
PUBCHEM.COMPOUND:5699,metabolite,green
PUBCHEM.COMPOUND:5780,metabolite,green
PUBCHEM.COMPOUND:5789,metabolite,green
PUBCHEM.COMPOUND:58,metabolite,green
PUBCHEM.COMPOUND:5810,metabolite,green
PUBCHEM.COMPOUND:5816,metabolite,green
PUBCHEM.COMPOUND:586,metabolite,green
PUBCHEM.COMPOUND:5862,metabolite,green
PUBCHEM.COMPOUND:588,metabolite,green
PUBCHEM.COMPOUND:5881,metabolite,green
PUBCHEM.COMPOUND:5885,metabolite,green
PUBCHEM.COMPOUND:5892,metabolite,green
PUBCHEM.COMPOUND:5950,metabolite,green
PUBCHEM.COMPOUND:5951,metabolite,green
PUBCHEM.COMPOUND:5957,metabolite,green
PUBCHEM.COMPOUND:5958,metabolite,green
PUBCHEM.COMPOUND:5960,metabolite,green
PUBCHEM.COMPOUND:5961,metabolite,green
PUBCHEM.COMPOUND:5962,metabolite,green
PUBCHEM.COMPOUND:597,metabolite,green
PUBCHEM.COMPOUND:5988,metabolite,green
PUBCHEM.COMPOUND:5994,metabolite,green
PUBCHEM.COMPOUND:5997,metabolite,green
PUBCHEM.COMPOUND:6022,metabolite,green
PUBCHEM.COMPOUND:6029,metabolite,green
PUBCHEM.COMPOUND:6030,metabolite,green
PUBCHEM.COMPOUND:6037,metabolite,green
PUBCHEM.COMPOUND:6047,metabolite,green
PUBCHEM.COMPOUND:6057,metabolite,green
PUBCHEM.COMPOUND:6076,metabolite,green
PUBCHEM.COMPOUND:6083,metabolite,green
PUBCHEM.COMPOUND:60961,metabolite,green
PUBCHEM.COMPOUND:6106,metabolite,green
PUBCHEM.COMPOUND:6119,metabolite,green
PUBCHEM.COMPOUND:6131,metabolite,green
PUBCHEM.COMPOUND:6137,metabolite,green
PUBCHEM.COMPOUND:6140,metabolite,green
PUBCHEM.COMPOUND:61503,metabolite,green
PUBCHEM.COMPOUND:6175,metabolite,green
PUBCHEM.COMPOUND:6184,metabolite,green
PUBCHEM.COMPOUND:6238,metabolite,green
PUBCHEM.COMPOUND:6251,metabolite,green
PUBCHEM.COMPOUND:6262,metabolite,green
PUBCHEM.COMPOUND:6267,metabolite,green
PUBCHEM.COMPOUND:6274,metabolite,green
PUBCHEM.COMPOUND:6287,metabolite,green
PUBCHEM.COMPOUND:6288,metabolite,green
PUBCHEM.COMPOUND:6305,metabolite,green
PUBCHEM.COMPOUND:6306,metabolite,green
PUBCHEM.COMPOUND:6322,metabolite,green
PUBCHEM.COMPOUND:6329,metabolite,green
PUBCHEM.COMPOUND:637517,metabolite,green
PUBCHEM.COMPOUND:638072,metabolite,green
PUBCHEM.COMPOUND:6427004,metabolite,green
PUBCHEM.COMPOUND:643757,metabolite,green
PUBCHEM.COMPOUND:643798,metabolite,green
PUBCHEM.COMPOUND:643975,metabolite,green
PUBCHEM.COMPOUND:643976,metabolite,green
PUBCHEM.COMPOUND:6453952,metabolite,green
PUBCHEM.COMPOUND:64689,metabolite,green
PUBCHEM.COMPOUND:649,metabolite,green
PUBCHEM.COMPOUND:64950,metabolite,green
PUBCHEM.COMPOUND:64956,metabolite,green
PUBCHEM.COMPOUND:64959,metabolite,green
PUBCHEM.COMPOUND:650,metabolite,green
PUBCHEM.COMPOUND:65037,metabolite,green
PUBCHEM.COMPOUND:65065,metabolite,green
PUBCHEM.COMPOUND:65070,metabolite,green
PUBCHEM.COMPOUND:65072,metabolite,green
PUBCHEM.COMPOUND:6508,metabolite,green
PUBCHEM.COMPOUND:65359,metabolite,green
PUBCHEM.COMPOUND:6560,metabolite,green
PUBCHEM.COMPOUND:657272,metabolite,green
PUBCHEM.COMPOUND:6590,metabolite,green
PUBCHEM.COMPOUND:6613,metabolite,green
PUBCHEM.COMPOUND:6675,metabolite,green
PUBCHEM.COMPOUND:668,metabolite,green
PUBCHEM.COMPOUND:670,metabolite,green
PUBCHEM.COMPOUND:6723,metabolite,green
PUBCHEM.COMPOUND:673,metabolite,green
PUBCHEM.COMPOUND:6736,metabolite,green
PUBCHEM.COMPOUND:674,metabolite,green
PUBCHEM.COMPOUND:675,metabolite,green
PUBCHEM.COMPOUND:676157,metabolite,green
PUBCHEM.COMPOUND:67678,metabolite,green
PUBCHEM.COMPOUND:681,metabolite,green
PUBCHEM.COMPOUND:68144,metabolite,green
PUBCHEM.COMPOUND:68152,metabolite,green
PUBCHEM.COMPOUND:68310,metabolite,green
PUBCHEM.COMPOUND:68841,metabolite,green
PUBCHEM.COMPOUND:689043,metabolite,green
PUBCHEM.COMPOUND:6912,metabolite,green
PUBCHEM.COMPOUND:69217,metabolite,green
PUBCHEM.COMPOUND:69507,metabolite,green
PUBCHEM.COMPOUND:6992567,metabolite,green
PUBCHEM.COMPOUND:70,metabolite,green
PUBCHEM.COMPOUND:700,metabolite,green
PUBCHEM.COMPOUND:700653,metabolite,green
PUBCHEM.COMPOUND:7009623,metabolite,green
PUBCHEM.COMPOUND:702,metabolite,green
PUBCHEM.COMPOUND:7027,metabolite,green
PUBCHEM.COMPOUND:70912,metabolite,green
PUBCHEM.COMPOUND:70914,metabolite,green
PUBCHEM.COMPOUND:71077,metabolite,green
PUBCHEM.COMPOUND:71080,metabolite,green
PUBCHEM.COMPOUND:72,metabolite,green
PUBCHEM.COMPOUND:724,metabolite,green
PUBCHEM.COMPOUND:725,metabolite,green
PUBCHEM.COMPOUND:72924,metabolite,green
PUBCHEM.COMPOUND:736715,metabolite,green
PUBCHEM.COMPOUND:7405,metabolite,green
PUBCHEM.COMPOUND:7420,metabolite,green
PUBCHEM.COMPOUND:743,metabolite,green
PUBCHEM.COMPOUND:74839,metabolite,green
PUBCHEM.COMPOUND:750,metabolite,green
PUBCHEM.COMPOUND:751,metabolite,green
PUBCHEM.COMPOUND:753,metabolite,green
PUBCHEM.COMPOUND:757,metabolite,green
PUBCHEM.COMPOUND:760,metabolite,green
PUBCHEM.COMPOUND:774,metabolite,green
PUBCHEM.COMPOUND:780,metabolite,green
PUBCHEM.COMPOUND:784,metabolite,green
PUBCHEM.COMPOUND:785,metabolite,green
PUBCHEM.COMPOUND:79025,metabolite,green
PUBCHEM.COMPOUND:798,metabolite,green
PUBCHEM.COMPOUND:7991,metabolite,green
PUBCHEM.COMPOUND:802,metabolite,green
PUBCHEM.COMPOUND:80642,metabolite,green
PUBCHEM.COMPOUND:8314,metabolite,green
PUBCHEM.COMPOUND:8369,metabolite,green
PUBCHEM.COMPOUND:83697,metabolite,green
PUBCHEM.COMPOUND:84265,metabolite,green
PUBCHEM.COMPOUND:84290,metabolite,green
PUBCHEM.COMPOUND:84571,metabolite,green
PUBCHEM.COMPOUND:8468,metabolite,green
PUBCHEM.COMPOUND:849,metabolite,green
PUBCHEM.COMPOUND:86,metabolite,green
PUBCHEM.COMPOUND:8617,metabolite,green
PUBCHEM.COMPOUND:8629,metabolite,green
PUBCHEM.COMPOUND:867,metabolite,green
PUBCHEM.COMPOUND:873,metabolite,green
PUBCHEM.COMPOUND:8742,metabolite,green
PUBCHEM.COMPOUND:878,metabolite,green
PUBCHEM.COMPOUND:880,metabolite,green
PUBCHEM.COMPOUND:88412,metabolite,green
PUBCHEM.COMPOUND:887,metabolite,green
PUBCHEM.COMPOUND:89472,metabolite,green
PUBCHEM.COMPOUND:8955,metabolite,green
PUBCHEM.COMPOUND:896,metabolite,green
PUBCHEM.COMPOUND:8988,metabolite,green
PUBCHEM.COMPOUND:903,metabolite,green
PUBCHEM.COMPOUND:9085,metabolite,green
PUBCHEM.COMPOUND:91,metabolite,green
PUBCHEM.COMPOUND:91469,metabolite,green
PUBCHEM.COMPOUND:91486,metabolite,green
PUBCHEM.COMPOUND:91493,metabolite,green
PUBCHEM.COMPOUND:91528,metabolite,green
PUBCHEM.COMPOUND:91552,metabolite,green
PUBCHEM.COMPOUND:92135,metabolite,green
PUBCHEM.COMPOUND:92258,metabolite,green
PUBCHEM.COMPOUND:92779,metabolite,green
PUBCHEM.COMPOUND:92824,metabolite,green
PUBCHEM.COMPOUND:92829,metabolite,green
PUBCHEM.COMPOUND:92907,metabolite,green
PUBCHEM.COMPOUND:93078,metabolite,green
PUBCHEM.COMPOUND:9322,metabolite,green
PUBCHEM.COMPOUND:936,metabolite,green
PUBCHEM.COMPOUND:9378,metabolite,green
PUBCHEM.COMPOUND:938,metabolite,green
PUBCHEM.COMPOUND:94154,metabolite,green
PUBCHEM.COMPOUND:943,metabolite,green
PUBCHEM.COMPOUND:947,metabolite,green
PUBCHEM.COMPOUND:96,metabolite,green
PUBCHEM.COMPOUND:964,metabolite,green
PUBCHEM.COMPOUND:967,metabolite,green
PUBCHEM.COMPOUND:96801,metabolite,green
PUBCHEM.COMPOUND:970,metabolite,green
PUBCHEM.COMPOUND:9700,metabolite,green
PUBCHEM.COMPOUND:971,metabolite,green
PUBCHEM.COMPOUND:9750,metabolite,green
PUBCHEM.COMPOUND:978,metabolite,green
PUBCHEM.COMPOUND:979,metabolite,green
PUBCHEM.COMPOUND:98,metabolite,green
PUBCHEM.COMPOUND:985,metabolite,green
PUBCHEM.COMPOUND:9856500,metabolite,green
PUBCHEM.COMPOUND:9903,metabolite,green
PUBCHEM.COMPOUND:99288,metabolite,green
PUBCHEM.COMPOUND:99289,metabolite,green
PUBCHEM.COMPOUND:9958,metabolite,green
PUBCHEM.COMPOUND:996,metabolite,green
PUBCHEM.COMPOUND:997,metabolite,green
PUBCHEM.COMPOUND:998,metabolite,green
PUBCHEM.COMPOUND:999,metabolite,green
